Event,idade_media,idade_min,idade_max,altura_media,altura_min,altura_max,peso_media,peso_min,peso_max,total_atletas
Football Men's Football,23.46360582306831,15.0,40.0,177.4803386127799,140.0,200.0,73.08664412510566,28.0,100.0,5733
Hockey Men's Hockey,25.86627597229622,16.0,44.0,176.85257731958762,150.0,200.0,73.34376086200903,48.0,105.0,3958
Water Polo Men's Water Polo,25.736542115262825,14.0,45.0,186.80173913043478,154.0,206.0,87.7061717352415,61.0,125.0,3358
Basketball Men's Basketball,25.24628312863607,16.0,40.0,194.87262357414448,163.0,226.0,91.68352893565358,59.0,156.0,3280
"Cycling Men's Road Race, Individual",24.991036213696667,16.0,42.0,176.73163972286375,138.0,200.0,69.34266227657572,48.0,95.0,2947
Gymnastics Men's Individual All-Around,24.62242152466368,14.0,44.0,167.6349315068493,150.0,185.0,63.34862385321101,48.0,87.0,2500
Rowing Men's Coxed Eights,24.89948574100047,11.0,51.0,187.49544498948845,150.0,209.0,84.34501718213059,45.0,137.0,2302
Handball Men's Handball,26.569902048085485,14.0,42.0,188.77837311251827,140.0,214.0,89.38791423001949,62.0,132.0,2264
Athletics Men's Marathon,29.00711548987411,16.0,52.0,172.20077972709552,148.0,200.0,60.27001312335958,42.0,106.0,1960
Athletics Men's 100 metres,23.854465270121278,15.0,40.0,176.85704419889504,153.0,198.0,71.99261083743842,50.0,102.0,1919
Volleyball Men's Volleyball,25.810475161987043,17.0,41.0,193.26565995525726,170.0,219.0,86.92592592592592,56.0,120.0,1861
Volleyball Women's Volleyball,24.431626701231366,15.0,39.0,179.49498327759198,153.0,204.0,69.33377926421404,30.0,98.0,1543
Gymnastics Women's Individual All-Around,19.0476812540823,13.0,38.0,156.03880597014924,127.0,179.0,47.68246802106847,25.0,72.0,1539
Hockey Women's Hockey,25.33241946538725,15.0,41.0,166.1252669039146,138.0,190.0,60.53093525179856,45.0,80.0,1459
Handball Women's Handball,25.88392213410238,15.0,43.0,174.84027777777777,153.0,198.0,68.87685113016367,48.0,105.0,1401
"Fencing Men's Foil, Individual",27.78841512469831,15.0,57.0,178.60168471720817,153.0,201.0,73.61614173228347,54.0,98.0,1357
"Fencing Men's epee, Individual",29.406779661016948,16.0,52.0,183.18059299191376,160.0,208.0,77.87012987012987,53.0,108.0,1258
Basketball Women's Basketball,25.51751592356688,16.0,37.0,182.45483613109513,161.0,213.0,73.68516984258493,50.0,128.0,1256
Athletics Men's 400 metres,23.816582914572866,16.0,37.0,179.9864472410455,160.0,201.0,71.72,51.0,99.0,1247
Athletics Men's 800 metres,23.933098591549296,13.0,36.0,179.0659793814433,155.0,196.0,67.51725941422595,49.0,85.0,1186
Rowing Men's Coxless Fours,25.191666666666666,16.0,44.0,189.52235294117648,167.0,207.0,88.06404230317274,63.0,110.0,1103
Rowing Men's Coxed Fours,24.36105476673428,13.0,47.0,183.5515625,132.0,205.0,80.71451876019576,41.0,109.0,1096
Swimming Men's 100 metres Freestyle,21.2972972972973,13.0,39.0,184.1933621933622,152.0,208.0,78.39247311827957,50.0,107.0,1064
Athletics Women's 100 metres,23.01421800947867,14.0,44.0,166.22043010752688,142.0,184.0,57.48538961038961,40.0,76.0,1063
"Equestrianism Mixed Jumping, Individual",33.82,18.0,65.0,175.3340425531915,150.0,195.0,69.65845824411134,43.0,95.0,1018
Football Women's Football,24.90909090909091,16.0,40.0,167.6761421319797,150.0,189.0,60.925813008130085,45.0,86.0,1012
Modern Pentathlon Men's Individual,26.625390218522373,16.0,53.0,179.30901287553647,152.0,198.0,72.31594634873323,56.0,91.0,1006
"Athletics Men's 5,000 metres",25.297237569060773,15.0,41.0,174.7758186397985,155.0,200.0,61.91941624365482,42.0,85.0,941
"Cycling Men's Team Pursuit, 4,000 metres",23.21,14.0,40.0,179.94685314685316,157.0,198.0,73.49859154929578,50.0,91.0,939
Sailing Mixed Three Person Keelboat,33.1766004415011,13.0,62.0,179.68571428571428,156.0,204.0,80.90196078431373,50.0,125.0,927
Baseball Men's Baseball,26.240761478163495,16.0,44.0,182.59929078014184,147.0,206.0,85.70779220779221,38.0,120.0,894
"Fencing Men's Sabre, Individual",28.67917675544794,16.0,63.0,180.01677852348993,160.0,199.0,76.49310344827586,48.0,98.0,892
"Athletics Men's 1,500 metres",24.301775147928993,16.0,38.0,177.65395095367847,154.0,196.0,64.95336076817559,42.0,87.0,877
Athletics Men's 110 metres Hurdles,24.707673568818514,17.0,39.0,185.2196861626248,155.0,201.0,77.45749279538904,51.0,98.0,858
Athletics Men's High Jump,23.552825552825553,16.0,41.0,188.08035714285714,166.0,205.0,75.99774436090226,53.0,100.0,836
"Fencing Women's Foil, Individual",26.77020202020202,15.0,50.0,167.39001560062403,152.0,190.0,59.50805152979066,44.0,77.0,819
Athletics Men's Long Jump,24.536231884057973,17.0,37.0,181.9969650986343,154.0,202.0,74.45788667687596,51.0,102.0,791
Tennis Men's Singles,25.790823211875843,17.0,44.0,184.64638783269962,162.0,208.0,78.27961165048544,59.0,111.0,786
Athletics Men's 200 metres,24.058746736292427,17.0,36.0,179.3267776096823,160.0,199.0,73.16998468606432,49.0,98.0,786
"Equestrianism Mixed Three-Day Event, Individual",32.52442159383033,18.0,61.0,174.38076416337285,148.0,197.0,67.34482758620689,43.0,88.0,778
Athletics Women's Marathon,30.09795918367347,18.0,48.0,162.60164835164835,147.0,183.0,49.242798353909464,35.0,67.0,739
Swimming Women's 100 metres Freestyle,18.80195258019526,12.0,31.0,170.28375733855185,131.0,192.0,60.87860082304527,40.0,85.0,736
Archery Men's Individual,27.370068027210884,15.0,62.0,178.2405797101449,157.0,197.0,76.62084592145015,46.0,130.0,735
Athletics Men's 400 metres Hurdles,24.835227272727273,17.0,38.0,182.50077041602466,164.0,200.0,73.91071428571429,55.0,93.0,718
Cycling Men's Sprint,23.663265306122447,16.0,41.0,177.20673076923077,136.0,201.0,78.0325,50.0,104.0,700
Athletics Men's 4 x 100 metres Relay,24.24264705882353,16.0,41.0,177.07740916271723,155.0,198.0,71.93322734499205,50.0,95.0,699
Diving Men's Springboard,23.421613394216134,14.0,48.0,172.1370449678801,152.0,188.0,68.37024608501119,42.0,91.0,699
Swimming Men's 100 metres Backstroke,21.113293051359516,13.0,41.0,184.5164609053498,155.0,205.0,76.96815286624204,50.0,100.0,697
Athletics Men's 20 kilometres Walk,27.26169590643275,17.0,50.0,175.80832095096582,156.0,194.0,64.74591381872214,48.0,91.0,685
Athletics Men's Discus Throw,27.47181008902077,17.0,46.0,191.1107325383305,150.0,208.0,109.68793103448276,48.0,158.0,683
Athletics Men's Triple Jump,25.34246575342466,17.0,39.0,183.095,160.0,207.0,75.37099494097808,53.0,102.0,675
Boxing Men's Lightweight,22.8608,15.0,36.0,170.05387931034483,150.0,190.0,60.210583153347734,48.0,80.0,673
Athletics Men's Shot Put,26.703296703296704,17.0,43.0,189.97543859649122,172.0,208.0,116.11879432624113,63.0,165.0,664
Athletics Men's 4 x 400 metres Relay,23.973846153846154,16.0,35.0,180.50844594594594,160.0,204.0,72.2984693877551,52.0,95.0,661
"Athletics Men's 3,000 metres Steeplechase",25.90726429675425,18.0,42.0,176.7741935483871,152.0,193.0,63.99486301369863,48.0,84.0,657
Athletics Men's Javelin Throw,25.88087774294671,17.0,41.0,185.1948717948718,155.0,206.0,91.07465277777777,66.0,122.0,655
Boxing Men's Welterweight,23.056451612903224,16.0,36.0,174.84368308351176,130.0,190.0,67.37794432548179,48.0,82.0,655
Archery Women's Individual,26.45146379044684,14.0,59.0,167.03953871499175,152.0,185.0,61.75856164383562,42.0,95.0,650
"Equestrianism Mixed Dressage, Individual",37.86821705426357,16.0,71.0,172.09722222222223,152.0,195.0,64.57839721254355,47.0,100.0,650
Athletics Men's Pole Vault,25.17452830188679,16.0,40.0,182.74729241877256,168.0,206.0,76.21192660550459,56.0,96.0,650
Sailing Mixed Two Person Keelboat,33.46474358974359,16.0,70.0,181.76494845360824,156.0,203.0,86.66421052631578,52.0,130.0,647
Boxing Men's Bantamweight,22.363636363636363,15.0,33.0,166.23044397463002,143.0,192.0,54.398488120950326,48.0,75.0,646
Rowing Women's Coxed Eights,25.394568690095845,16.0,56.0,177.72652388797363,146.0,195.0,71.45799011532125,39.0,97.0,626
Swimming Men's 400 metres Freestyle,20.563451776649746,13.0,35.0,181.86374695863748,150.0,203.0,75.59335038363172,47.0,97.0,624
Athletics Men's 50 kilometres Walk,30.08225806451613,19.0,49.0,177.06927175843694,152.0,200.0,65.97311827956989,50.0,87.0,622
Rowing Men's Coxless Pairs,25.3993399339934,18.0,41.0,189.73460721868366,168.0,208.0,87.09329140461216,67.0,109.0,620
Rowing Men's Coxed Pairs,24.88605442176871,12.0,60.0,180.51382488479263,142.0,208.0,76.25407925407926,37.0,109.0,612
Boxing Men's Featherweight,21.991071428571427,16.0,38.0,168.66823529411764,142.0,190.0,57.23481308411215,50.0,86.0,612
Swimming Men's 50 metres Freestyle,22.645320197044335,13.0,38.0,186.23314065510598,153.0,209.0,80.04255319148936,49.0,112.0,610
Athletics Men's Hammer Throw,27.959866220735787,19.0,48.0,186.0996376811594,167.0,203.0,105.9466911764706,61.0,130.0,608
Swimming Men's 100 metres Breaststroke,21.9567387687188,14.0,33.0,183.6115107913669,160.0,202.0,78.02342342342342,55.0,105.0,606
Boxing Men's Flyweight,22.187062937062937,15.0,41.0,163.5968109339408,130.0,181.0,51.36542923433875,47.0,74.0,605
Athletics Men's Decathlon,25.27027027027027,17.0,37.0,187.21715328467153,163.0,201.0,85.1988950276243,60.0,102.0,604
"Canoeing Men's Kayak Fours, 1,000 metres",25.21297836938436,17.0,41.0,183.35225375626044,161.0,203.0,82.08597662771285,53.0,115.0,602
"Shooting Men's Rapid-Fire Pistol, 25 metres",35.20676691729323,16.0,65.0,174.92741935483872,132.0,194.0,77.09714285714286,50.0,115.0,597
Rowing Men's Double Sculls,25.774250440917108,17.0,42.0,188.46357615894038,170.0,205.0,86.86179775280898,65.0,110.0,589
"Athletics Men's 10,000 metres",26.70035460992908,17.0,41.0,172.18003913894324,152.0,195.0,59.734892787524366,47.0,85.0,582
Shooting Men's Trap,36.22605363984675,17.0,65.0,178.23641304347825,155.0,200.0,86.50974930362116,52.0,140.0,581
Tennis Women's Singles,24.116906474820144,14.0,43.0,172.24439918533605,150.0,191.0,61.97946611909651,48.0,85.0,570
Sailing Mixed One Person Dinghy,28.98722627737226,17.0,54.0,181.59375,156.0,195.0,83.42469135802469,59.0,115.0,567
Swimming Women's 50 metres Freestyle,20.700361010830324,12.0,41.0,172.18627450980392,138.0,193.0,62.55807086614173,39.0,80.0,554
"Art Competitions Mixed Painting, Unknown Event",45.911637931034484,14.0,96.0,174.26666666666668,150.0,184.0,70.5,59.0,80.0,552
Athletics Women's High Jump,23.499089253187613,15.0,38.0,177.35603112840468,155.0,193.0,61.463035019455255,45.0,82.0,552
Athletics Women's 400 metres,23.774725274725274,12.0,36.0,169.82797731569,150.0,187.0,58.44234404536862,42.0,80.0,548
Rowing Men's Quadruple Sculls,25.703296703296704,17.0,41.0,190.87145557655955,175.0,206.0,90.38563327032136,63.0,114.0,546
Boxing Men's Middleweight,23.671287128712873,17.0,38.0,179.31105398457584,128.0,196.0,74.93261455525607,60.0,91.0,544
"Cycling Women's Road Race, Individual",26.81191806331471,17.0,49.0,168.01377952755905,150.0,201.0,57.537549407114625,45.0,92.0,537
Table Tennis Men's Singles,27.46728971962617,15.0,54.0,177.20883534136547,150.0,198.0,71.77309236947791,50.0,99.0,536
Athletics Women's 800 metres,24.27514231499051,14.0,39.0,167.91865079365078,148.0,185.0,55.508946322067594,41.0,75.0,532
Gymnastics Men's Team All-Around,24.30958230958231,16.0,49.0,167.83783783783784,155.0,185.0,63.12676056338028,46.0,86.0,530
Swimming Women's 100 metres Backstroke,19.005736137667306,13.0,37.0,171.86301369863014,142.0,192.0,61.603488372093025,43.0,85.0,530
Boxing Men's Light-Welterweight,22.923379174852652,17.0,33.0,172.8849557522124,127.0,187.0,63.68490153172866,48.0,90.0,528
Diving Women's Springboard,21.440944881889763,12.0,35.0,161.88679245283018,142.0,178.0,54.69471153846154,42.0,75.0,522
"Wrestling Men's Lightweight, Greco-Roman",25.59825327510917,17.0,38.0,169.66559485530547,152.0,184.0,67.4026402640264,58.0,84.0,518
Table Tennis Women's Singles,25.98252427184466,15.0,53.0,165.09207708779442,146.0,181.0,58.298507462686565,42.0,120.0,518
Swimming Women's 100 metres Breaststroke,19.50299401197605,11.0,33.0,170.0550847457627,150.0,188.0,60.438428874734605,40.0,80.0,503
"Fencing Men's Foil, Team",29.029787234042555,15.0,59.0,177.72473867595818,165.0,200.0,72.80152671755725,52.0,95.0,492
Boxing Men's Light-Heavyweight,24.095338983050848,16.0,37.0,182.22222222222223,160.0,196.0,80.73698630136987,72.0,94.0,488
"Fencing Men's epee, Team",30.072649572649574,16.0,61.0,182.02758620689656,165.0,201.0,76.0925925925926,57.0,105.0,488
Water Polo Women's Water Polo,25.16188524590164,16.0,41.0,175.56352459016392,160.0,192.0,70.18032786885246,50.0,104.0,488
Athletics Women's Javelin Throw,25.55876288659794,15.0,43.0,172.3785557986871,158.0,189.0,70.91776315789474,50.0,94.0,486
Swimming Men's 4 x 200 metres Freestyle Relay,21.517857142857142,15.0,36.0,185.06194690265488,167.0,206.0,78.67325227963526,58.0,114.0,481
Swimming Men's 200 metres Breaststroke,21.67420814479638,14.0,37.0,181.26792452830188,163.0,199.0,76.45121951219512,53.0,102.0,481
Sailing Men's Two Person Dinghy,27.06875,16.0,47.0,177.70091324200914,162.0,213.0,68.20205479452055,55.0,85.0,480
Softball Women's Softball,26.299163179916317,17.0,41.0,169.39508928571428,150.0,198.0,67.47165532879819,45.0,109.0,478
Cycling Men's 100 kilometres Team Time Trial,23.398706896551722,16.0,38.0,178.5098901098901,138.0,197.0,71.51333333333334,48.0,91.0,478
Weightlifting Men's Lightweight,25.343820224719103,16.0,40.0,164.91964285714286,156.0,182.0,68.08866813833701,55.0,85.0,478
"Wrestling Men's Featherweight, Greco-Roman",25.447191011235955,16.0,39.0,165.84887459807075,147.0,200.0,61.82954545454545,52.0,115.0,475
Weightlifting Men's Featherweight,25.710955710955712,16.0,40.0,160.7147766323024,140.0,173.0,60.860986547085204,52.0,77.0,470
Athletics Women's Long Jump,24.931914893617023,15.0,38.0,171.20484581497797,151.0,190.0,59.91814159292036,44.0,77.0,470
Weightlifting Men's Middleweight,25.205607476635514,17.0,42.0,169.0728476821192,156.0,183.0,75.42234848484848,67.0,98.0,467
Swimming Men's 200 metres Freestyle,20.893569844789358,14.0,32.0,186.34170854271358,150.0,206.0,79.62372448979592,55.0,104.0,466
Rowing Men's Single Sculls,25.931972789115648,17.0,39.0,188.07185628742516,168.0,205.0,86.37755102040816,63.0,108.0,463
Diving Men's Platform,22.849282296650717,13.0,51.0,170.15409836065575,148.0,188.0,64.54208754208754,37.0,80.0,453
"Canoeing Men's Kayak Doubles, 1,000 metres",25.85810810810811,18.0,41.0,181.3221288515406,160.0,203.0,79.26271186440678,56.0,100.0,451
Sailing Mixed Two Person Heavyweight Dinghy,28.78359908883827,16.0,56.0,179.8117359413203,159.0,198.0,77.94088669950739,56.0,130.0,447
Weightlifting Men's Light-Heavyweight,25.81516587677725,16.0,43.0,171.7192429022082,152.0,184.0,82.91121495327103,62.0,105.0,446
Athletics Women's Discus Throw,26.811791383219955,15.0,47.0,177.55773955773955,153.0,193.0,84.35135135135135,54.0,130.0,442
"Wrestling Men's Middleweight, Greco-Roman",26.216624685138537,17.0,41.0,176.89473684210526,161.0,191.0,80.74752475247524,66.0,101.0,442
"Shooting Men's Free Pistol, 50 metres",36.56,16.0,62.0,173.640350877193,153.0,192.0,76.18957345971565,50.0,104.0,432
Swimming Women's 4 x 100 metres Freestyle Relay,19.739952718676122,13.0,33.0,173.19886363636363,158.0,191.0,62.75143678160919,46.0,80.0,430
Judo Men's Lightweight,24.822274881516588,16.0,35.0,172.52673796791444,155.0,188.0,71.02659574468085,52.0,90.0,429
"Shooting Men's Air Rifle, 10 metres",28.866510538641688,15.0,50.0,176.7799043062201,132.0,213.0,75.14302884615384,41.0,115.0,429
"Shooting Women's Air Rifle, 10 metres",26.24220623501199,16.0,45.0,164.0325,146.0,183.0,58.45,40.0,98.0,419
"Wrestling Men's Featherweight, Freestyle",24.75,17.0,36.0,166.19218241042344,152.0,182.0,61.62956810631229,52.0,125.0,414
Athletics Women's 200 metres,23.197080291970803,15.0,36.0,168.77864583333334,145.0,183.0,58.12958115183246,43.0,75.0,414
"Wrestling Men's Lightweight, Freestyle",25.557951482479783,17.0,41.0,169.5268456375839,147.0,183.0,67.27013422818791,55.0,84.0,409
"Shooting Men's Small-Bore Rifle, Prone, 50 metres",35.505376344086024,16.0,63.0,174.74131274131275,158.0,198.0,74.88085106382978,51.0,107.0,409
Swimming Men's 4 x 100 metres Freestyle Relay,22.473815461346632,15.0,36.0,187.5215053763441,150.0,208.0,81.41532258064517,55.0,110.0,405
Shooting Mixed Skeet,32.2406015037594,16.0,66.0,176.25065274151436,152.0,193.0,76.94778067885117,51.0,140.0,403
Judo Men's Middleweight,25.63727959697733,18.0,43.0,180.51226158038148,163.0,195.0,86.52956989247312,70.0,120.0,403
Athletics Women's 100 metres Hurdles,25.511166253101738,17.0,39.0,169.69521410579344,153.0,182.0,60.35929648241206,49.0,75.0,403
Judo Men's Half-Middleweight,25.012626262626263,16.0,42.0,177.43697478991598,158.0,190.0,79.17534246575343,65.0,175.0,402
Athletics Women's 4 x 100 metres Relay,23.09547738693467,15.0,40.0,166.25956284153006,145.0,183.0,57.61538461538461,41.0,77.0,400
"Wrestling Men's Light-Heavyweight, Greco-Roman",26.759668508287294,18.0,40.0,181.3985507246377,165.0,198.0,89.30615942028986,77.5,110.0,398
"Wrestling Men's Welterweight, Freestyle",25.964088397790054,17.0,50.0,172.76610169491525,156.0,188.0,72.39931740614334,63.0,90.0,393
Swimming Men's 100 metres Butterfly,21.914728682170544,14.0,38.0,182.46704871060172,147.0,203.0,76.77363896848138,45.0,101.0,392
Athletics Women's Shot Put,26.00771208226221,17.0,42.0,177.21447721179624,160.0,194.0,90.26478494623656,53.0,136.0,390
Rhythmic Gymnastics Women's Group,18.51948051948052,14.0,26.0,169.02380952380952,154.0,181.0,49.534246575342465,36.0,64.0,385
"Wrestling Men's Middleweight, Freestyle",25.83190883190883,18.0,41.0,176.44947735191639,161.0,195.0,80.86678200692042,65.0,101.0,377
"Fencing Men's Sabre, Team",29.954674220963174,17.0,49.0,178.65350877192984,165.0,198.0,74.55504587155963,48.0,93.0,376
"Equestrianism Men's Three-Day Event, Individual",32.833333333333336,18.0,51.0,175.42016806722688,159.0,195.0,69.04700854700855,56.5,88.0,373
Weightlifting Men's Bantamweight,25.446022727272727,16.0,45.0,157.53177257525084,140.0,172.0,56.33016304347826,50.0,69.0,369
Boxing Men's Heavyweight,24.171919770773638,16.0,35.0,186.67537313432837,152.0,208.0,90.56896551724138,71.0,133.0,367
"Shooting Men's Air Pistol, 10 metres",34.032786885245905,17.0,62.0,176.34393063583815,156.0,202.0,79.9393063583815,58.0,128.0,366
Weightlifting Men's Middle-Heavyweight,25.650837988826815,16.0,38.0,174.57324840764332,162.0,192.0,91.06284153005464,77.0,112.0,366
"Wrestling Men's Heavyweight, Greco-Roman",27.491329479768787,18.0,41.0,184.54789272030652,170.0,198.0,100.90077821011673,79.0,130.0,365
Shooting Mixed Trap,34.43055555555556,15.0,68.0,176.15634218289085,150.0,196.0,80.04437869822485,54.0,125.0,363
"Wrestling Men's Welterweight, Greco-Roman",26.205797101449274,16.0,38.0,172.96959459459458,160.0,186.0,73.25856164383562,58.0,104.0,360
Swimming Women's 400 metres Freestyle,18.786931818181817,12.0,32.0,170.6042402826855,150.0,187.0,60.68411552346571,44.0,80.0,357
Sailing Mixed Multihull,31.04494382022472,18.0,70.0,178.2030303030303,155.0,196.0,72.75454545454545,57.0,105.0,356
Judo Men's Half-Lightweight,24.898843930635838,17.0,38.0,169.55518394648828,156.0,181.0,66.52435064935065,57.0,81.0,355
Judo Men's Half-Heavyweight,26.355113636363637,18.0,39.0,184.76100628930817,152.0,200.0,97.11764705882354,68.0,130.0,355
"Athletics Women's 1,500 metres",25.718309859154928,15.0,40.0,165.88888888888889,149.0,180.0,52.27142857142857,40.0,66.0,355
Boxing Men's Light-Flyweight,22.52449567723343,15.0,36.0,161.40548780487805,133.0,175.0,48.75820895522388,46.0,81.0,354
Boxing Men's Light-Middleweight,23.40524781341108,16.0,33.0,176.8523489932886,152.0,195.0,71.17156862745098,48.0,91.0,351
"Shooting Women's Air Pistol, 10 metres",30.50574712643678,16.0,54.0,164.74774774774775,151.0,181.0,61.733333333333334,45.0,117.0,348
"Wrestling Men's Light-Heavyweight, Freestyle",26.224615384615383,16.0,37.0,179.6875,165.0,195.0,89.35477941176471,68.0,141.0,347
"Canoeing Women's Kayak Doubles, 500 metres",24.601156069364162,15.0,42.0,169.38601823708206,151.0,185.0,64.90273556231003,48.0,81.0,346
"Shooting Men's Free Rifle, Three Positions, 300 metres",33.78456591639871,20.0,59.0,174.07079646017698,155.0,198.0,73.65625,53.0,93.0,345
"Canoeing Men's Kayak Doubles, 500 metres",24.929411764705883,17.0,43.0,182.9487951807229,163.0,200.0,82.44561933534743,58.0,100.0,342
Judo Men's Extra-Lightweight,24.291666666666668,16.0,36.0,165.69256756756758,145.0,179.0,61.01639344262295,57.0,75.0,341
Synchronized Swimming Women's Team,22.67551622418879,15.0,31.0,168.09969788519638,155.0,185.0,56.073846153846155,39.0,104.0,339
Swimming Women's 100 metres Butterfly,19.45562130177515,12.0,31.0,168.2300319488818,145.0,187.0,59.6650641025641,41.0,85.0,338
Diving Women's Platform,21.47590361445783,13.0,36.0,160.32720588235293,137.0,178.0,51.97785977859779,28.0,67.0,337
"Wrestling Men's Bantamweight, Greco-Roman",25.368253968253967,18.0,38.0,164.3361344537815,155.0,178.0,58.19396551724138,52.0,71.0,337
Rowing Men's Lightweight Coxless Fours,27.206586826347305,19.0,40.0,183.859375,173.0,199.0,71.98125,67.0,87.0,334
Judo Men's Heavyweight,26.696969696969695,16.0,40.0,189.2682119205298,160.0,213.0,120.24754098360656,84.0,214.0,332
"Shooting Men's Small-Bore Rifle, Three Positions, 50 metres",32.538699690402474,17.0,64.0,176.38732394366198,150.0,199.0,76.37992831541219,50.0,105.0,331
Athletics Women's 4 x 400 metres Relay,24.269113149847094,15.0,36.0,169.86520376175548,154.0,190.0,58.3875,45.0,81.0,327
Sailing Mixed 6 metres,34.24657534246575,15.0,61.0,175.04545454545453,156.0,184.0,72.27777777777777,54.0,98.0,325
Sailing Women's Two Person Dinghy,26.468354430379748,16.0,42.0,169.7940199335548,150.0,185.0,61.94648829431438,48.0,80.0,316
"Wrestling Men's Bantamweight, Freestyle",24.864285714285714,16.0,36.0,164.19815668202764,150.0,191.0,58.12268518518518,50.0,125.0,313
Swimming Women's 200 metres Breaststroke,19.387205387205388,12.0,40.0,170.11855670103094,150.0,190.0,61.27127659574468,45.0,80.0,312
Sailing Men's Windsurfer,26.019867549668874,15.0,44.0,178.70567375886526,165.0,197.0,70.575,54.0,87.0,306
Badminton Women's Singles,24.414473684210527,16.0,35.0,168.18840579710144,150.0,183.0,60.9,43.0,80.0,304
Weightlifting Men's Heavyweight,27.323636363636364,17.0,44.0,179.68075117370893,165.0,194.0,108.49473684210527,83.0,163.0,299
"Wrestling Men's Heavyweight, Freestyle",27.306896551724137,19.0,40.0,183.27868852459017,163.0,198.0,99.74897119341564,55.0,134.0,299
Athletics Women's 20 kilometres Walk,27.15824915824916,16.0,44.0,163.84745762711864,145.0,180.0,51.29830508474576,40.0,68.0,297
"Equestrianism Men's Jumping, Individual",33.21722846441948,19.0,55.0,172.6086956521739,163.0,184.0,67.47368421052632,62.0,75.0,296
"Canoeing Men's Kayak Singles, 1,000 metres",25.486301369863014,18.0,40.0,181.8861788617886,158.0,203.0,80.50816326530612,56.0,115.0,295
Swimming Women's 200 metres Freestyle,19.476027397260275,13.0,31.0,172.59489051094891,139.0,191.0,61.70220588235294,44.0,77.0,293
Athletics Women's 400 metres Hurdles,25.395904436860068,16.0,37.0,170.9794520547945,157.0,185.0,58.88013698630137,45.0,82.0,293
Badminton Men's Singles,25.506849315068493,18.0,36.0,179.21724137931034,162.0,201.0,72.92077464788733,55.0,97.0,292
Beach Volleyball Men's Beach Volleyball,29.895833333333332,20.0,41.0,193.29090909090908,179.0,212.0,89.51282051282051,62.0,110.0,288
"Cycling Men's Mountainbike, Cross-Country",27.658450704225352,16.0,40.0,177.21223021582733,164.0,194.0,67.31654676258992,50.0,81.0,284
"Swimming Men's 1,500 metres Freestyle",20.381481481481483,13.0,37.0,181.5427135678392,147.0,198.0,73.72279792746114,47.0,91.0,280
Beach Volleyball Women's Beach Volleyball,28.315217391304348,18.0,39.0,178.86666666666667,163.0,196.0,68.35094339622641,55.0,81.0,276
Rhythmic Gymnastics Women's Individual,19.043956043956044,13.0,30.0,166.1535433070866,142.0,180.0,47.632,30.0,62.0,273
Gymnastics Women's Team All-Around,21.753246753246753,11.0,37.0,154.82089552238807,140.0,167.0,48.25396825396825,33.0,62.0,268
"Canoeing Women's Kayak Singles, 500 metres",25.507518796992482,17.0,47.0,169.57872340425533,153.0,184.0,65.25431034482759,49.0,78.0,268
Triathlon Men's Olympic Distance,27.81954887218045,18.0,42.0,180.1954887218045,164.0,196.0,68.80377358490566,54.0,82.0,266
Swimming Men's 200 metres Butterfly,20.98854961832061,15.0,32.0,179.7584745762712,159.0,207.0,74.37179487179488,52.0,93.0,264
Triathlon Women's Olympic Distance,27.923954372623573,18.0,40.0,166.99618320610688,153.0,180.0,54.724137931034484,44.0,72.0,263
Rowing Women's Quadruple Sculls,26.0381679389313,18.0,38.0,179.99606299212599,165.0,196.0,74.11417322834646,47.0,91.0,262
Athletics Women's Heptathlon,25.723735408560312,18.0,35.0,175.2627450980392,162.0,190.0,64.34117647058824,52.0,82.0,257
"Canoeing Men's Canadian Doubles, 1,000 metres",25.419607843137253,17.0,45.0,178.91326530612244,165.0,195.0,77.09693877551021,59.0,97.0,257
Shooting Men's Skeet,33.32411067193676,17.0,53.0,177.04048582995952,160.0,195.0,83.53061224489795,55.0,140.0,253
"Cycling Men's 1,000 metres Time Trial",23.142857142857142,15.0,40.0,178.92105263157896,157.0,201.0,77.71195652173913,54.0,102.0,249
"Canoeing Men's Canadian Doubles, 500 metres",25.558704453441294,17.0,38.0,179.73170731707316,164.0,201.0,79.66260162601625,60.0,114.0,247
Sailing Men's One Person Dinghy,28.076923076923077,18.0,46.0,184.58620689655172,163.0,200.0,86.87068965517241,70.0,115.0,247
Synchronized Swimming Women's Duet,23.170833333333334,15.0,40.0,169.02083333333334,153.0,182.0,55.52765957446808,43.0,67.0,240
Rowing Men's Lightweight Double Sculls,26.470833333333335,18.0,38.0,181.16309012875536,170.0,199.0,71.73706896551724,68.0,82.0,240
"Canoeing Men's Kayak Singles, Slalom",25.62447257383966,16.0,41.0,177.79828326180257,165.0,198.0,72.82403433476395,62.0,90.0,237
"Athletics Women's 10,000 metres",26.802575107296136,15.0,42.0,162.7173913043478,148.0,183.0,48.786026200873366,35.0,67.0,234
"Art Competitions Mixed Sculpturing, Unknown Event",46.32512315270936,22.0,81.0,173.0,173.0,173.0,76.0,76.0,76.0,233
Tennis Men's Doubles,27.763392857142858,15.0,44.0,184.25128205128206,167.0,203.0,79.32307692307693,60.0,95.0,232
Rowing Women's Double Sculls,25.489082969432314,16.0,40.0,178.1851851851852,162.0,196.0,72.1574074074074,47.0,90.0,229
Rowing Women's Coxless Pairs,25.271929824561404,18.0,36.0,179.29090909090908,155.0,195.0,73.24545454545455,58.0,91.0,228
Sailing Mixed 5.5 metres,35.36888888888889,15.0,66.0,178.24852071005918,156.0,196.0,78.47575757575757,59.0,100.0,228
"Athletics Women's 5,000 metres",25.94713656387665,14.0,38.0,163.8552036199095,150.0,183.0,49.689189189189186,36.0,69.0,227
Badminton Mixed Doubles,27.12775330396476,19.0,44.0,175.28378378378378,155.0,195.0,69.19545454545455,51.0,93.0,227
"Wrestling Men's Flyweight, Freestyle",24.259615384615383,17.0,37.0,160.66304347826087,148.0,179.0,53.63387978142077,49.0,115.0,226
"Cycling Men's Individual Pursuit, 4,000 metres",23.669642857142858,17.0,43.0,180.86111111111111,164.0,198.0,74.66279069767442,58.0,95.0,224
Sailing Mixed 8 metres,32.72906403940887,17.0,60.0,180.5,167.0,193.0,81.66666666666667,80.0,83.0,224
"Fencing Women's epee, Individual",26.9009009009009,15.0,50.0,173.33333333333334,157.0,192.0,63.19953051643193,50.0,80.0,222
"Canoeing Men's Canadian Doubles, Slalom",26.30316742081448,16.0,43.0,176.53636363636363,159.0,190.0,72.47272727272727,58.0,85.0,221
"Wrestling Men's Flyweight, Greco-Roman",24.89855072463768,18.0,37.0,160.1153846153846,137.0,180.0,53.416666666666664,48.0,60.0,219
Badminton Men's Doubles,26.972093023255812,20.0,38.0,179.04694835680752,160.0,201.0,74.56904761904762,57.0,96.0,215
"Canoeing Men's Kayak Singles, 500 metres",25.300469483568076,17.0,42.0,183.63033175355451,167.0,196.0,83.25,60.0,96.0,214
Rowing Women's Lightweight Double Sculls,26.342723004694836,18.0,39.0,171.0,157.0,182.0,58.44660194174757,54.0,75.0,213
"Canoeing Women's Kayak Fours, 500 metres",24.502347417840376,16.0,37.0,171.11557788944722,155.0,184.0,66.66834170854271,54.0,99.0,213
Rowing Women's Single Sculls,26.235849056603772,17.0,44.0,176.47826086956522,160.0,188.0,70.93719806763285,57.0,87.0,212
Sailing Women's One Person Dinghy,24.85238095238095,17.0,38.0,170.23039215686273,154.0,184.0,65.34158415841584,50.0,79.0,210
"Shooting Mixed Rapid-Fire Pistol, 25 metres",33.87378640776699,19.0,51.0,174.66990291262135,152.0,193.0,75.72682926829269,50.0,95.0,206
"Fencing Women's Foil, Team",25.44878048780488,17.0,51.0,167.23076923076923,152.0,187.0,59.46666666666667,46.0,82.0,205
"Shooting Mixed Small-Bore Rifle, Prone, 50 metres",34.41624365482234,16.0,70.0,173.85051546391753,158.0,197.0,73.70466321243524,49.0,120.0,198
Weightlifting Men's Super-Heavyweight,26.683673469387756,17.0,40.0,184.45901639344262,168.0,205.0,135.40862944162436,105.0,176.5,197
Athletics Women's Hammer Throw,25.427835051546392,17.0,39.0,174.98958333333334,163.0,193.0,85.47916666666667,63.0,120.0,194
"Wrestling Men's Super-Heavyweight, Greco-Roman",26.827225130890053,18.0,40.0,188.83510638297872,175.0,203.0,122.20320855614973,96.0,190.0,192
Badminton Women's Doubles,24.884816753926703,18.0,40.0,167.8187134502924,155.0,184.0,62.24848484848485,47.0,90.0,191
Swimming Men's 200 metres Individual Medley,22.21578947368421,16.0,38.0,184.40641711229947,170.0,201.0,77.86559139784946,62.0,94.0,190
"Shooting Mixed Small-Bore Rifle, Three Positions, 50 metres",31.51063829787234,18.0,56.0,174.4095744680851,147.0,191.0,72.96808510638297,41.0,103.0,189
"Shooting Mixed Free Pistol, 50 metres",34.51086956521739,17.0,66.0,172.69945355191257,154.0,198.0,73.93406593406593,48.0,102.0,187
Sailing Women's Windsurfer,27.5,17.0,42.0,168.55428571428573,156.0,188.0,58.809248554913296,48.0,70.0,184
Athletics Women's Triple Jump,26.14917127071823,20.0,39.0,174.63333333333333,160.0,192.0,61.044444444444444,48.0,76.0,181
"Canoeing Women's Kayak Singles, Slalom",25.877777777777776,16.0,44.0,166.79640718562874,153.0,180.0,59.74850299401198,48.0,74.0,180
"Wrestling Men's Super-Heavyweight, Freestyle",26.865168539325843,18.0,42.0,187.31428571428572,163.0,214.0,118.09142857142857,63.0,150.0,178
Swimming Women's 4 x 200 metres Freestyle Relay,20.27683615819209,15.0,28.0,174.1547619047619,160.0,193.0,63.25301204819277,47.0,85.0,177
"Art Competitions Mixed Painting, Paintings",46.8625,19.0,72.0,174.0,174.0,174.0,80.0,80.0,80.0,176
Athletics Women's Pole Vault,25.579545454545453,18.0,35.0,170.65714285714284,158.0,185.0,59.48571428571429,46.0,72.0,176
"Cycling Men's Tandem Sprint, 2,000 metres",24.16,17.0,41.0,174.33333333333334,163.0,190.0,72.10144927536231,51.0,86.0,172
Judo Women's Half-Middleweight,25.337209302325583,16.0,37.0,166.2549019607843,156.0,180.0,63.064516129032256,48.0,70.0,172
Rowing Women's Coxed Fours,23.660818713450293,17.0,39.0,173.3764705882353,140.0,190.0,67.63529411764706,39.0,90.0,171
Tug-Of-War Men's Tug-Of-War,29.30952380952381,17.0,45.0,182.48,170.0,195.0,95.61538461538461,75.0,118.0,170
"Cycling Women's Mountainbike, Cross-Country",28.798816568047336,18.0,44.0,166.56024096385542,149.0,188.0,54.92727272727273,45.0,71.0,169
"Canoeing Men's Canadian Singles, Slalom",25.12574850299401,16.0,41.0,178.98192771084337,160.0,201.0,73.83734939759036,57.0,92.0,167
Swimming Men's 200 metres Backstroke,21.05421686746988,14.0,36.0,183.73376623376623,158.0,205.0,76.2012987012987,49.0,98.0,167
Modern Pentathlon Women's Individual,25.524390243902438,15.0,39.0,170.0731707317073,155.0,186.0,58.3109756097561,42.0,80.0,164
Rugby Men's Rugby,24.385964912280702,18.0,39.0,176.09677419354838,164.0,191.0,77.53333333333333,68.0,99.0,162
Judo Women's Lightweight,25.48125,14.0,36.0,162.6283783783784,143.0,175.0,57.310810810810814,52.0,65.0,160
Judo Women's Half-Lightweight,24.61006289308176,18.0,35.0,159.51724137931035,150.0,172.0,52.64625850340136,48.0,65.0,159
Judo Women's Extra-Lightweight,23.916129032258066,16.0,35.0,156.51408450704224,146.0,185.0,48.96830985915493,46.0,78.0,155
Judo Women's Middleweight,25.393548387096775,15.0,36.0,171.35616438356163,158.0,185.0,70.0374149659864,63.0,90.5,155
Tennis Women's Doubles,25.192052980132452,16.0,47.0,171.79136690647482,156.0,191.0,62.172661870503596,50.0,84.0,154
"Canoeing Men's Canadian Singles, 1,000 metres",25.456375838926174,17.0,48.0,181.14728682170542,164.0,205.0,80.78294573643412,58.0,114.0,153
Athletics Women's 80 metres Hurdles,22.953020134228186,16.0,34.0,168.21774193548387,156.0,178.0,60.01639344262295,46.0,75.0,153
Rugby Sevens Men's Rugby Sevens,25.980132450331126,19.0,36.0,182.83443708609272,169.0,198.0,91.00662251655629,65.0,113.0,151
"Equestrianism Men's Dressage, Individual",40.605633802816904,21.0,72.0,174.6,167.0,182.0,62.0,62.0,62.0,149
Synchronized Swimming Women's Solo,20.687074829931973,15.0,29.0,167.98425196850394,157.0,180.0,55.57936507936508,45.0,67.0,149
"Canoeing Men's Canadian Singles, 500 metres",25.046979865771814,17.0,36.0,181.31506849315068,165.0,201.0,82.71917808219177,61.0,114.0,149
Rugby Sevens Women's Rugby Sevens,26.114864864864863,18.0,35.0,167.63698630136986,153.0,185.0,66.62837837837837,53.0,89.0,148
Judo Women's Half-Heavyweight,25.299319727891156,17.0,36.0,173.02255639097746,157.0,183.0,76.11481481481482,67.0,80.0,147
"Gymnastics Men's Team All-Around, Swedish System",24.757575757575758,17.0,45.0,177.0,176.0,178.0,73.0,73.0,73.0,147
Golf Men's Individual,31.197080291970803,15.0,50.0,179.19117647058823,165.0,196.0,79.24528301886792,63.0,104.0,147
Boxing Men's Super-Heavyweight,25.10958904109589,18.0,36.0,190.3308823529412,171.0,205.0,99.07720588235294,79.0,140.0,146
Judo Women's Heavyweight,26.16551724137931,16.0,42.0,175.7593984962406,160.0,193.0,105.96946564885496,68.0,163.0,145
"Athletics Women's 3,000 metres Steeplechase",26.027972027972027,17.0,36.0,167.25714285714287,152.0,183.0,52.47142857142857,42.0,76.0,143
Weightlifting Men's Flyweight,24.640287769784173,15.0,40.0,155.448,144.0,166.0,53.244680851063826,50.0,67.0,141
Sailing Mixed Two Person Dinghy,24.692857142857143,17.0,39.0,175.3695652173913,151.0,193.0,68.14855072463769,50.0,97.0,140
"Art Competitions Mixed Sculpturing, Statues",46.5234375,25.0,97.0,,,,,,,139
Swimming Women's 200 metres Individual Medley,19.845588235294116,13.0,31.0,170.71969696969697,155.0,185.0,60.95454545454545,44.0,75.0,136
"Fencing Women's Sabre, Individual",25.022900763358777,14.0,36.0,169.77862595419847,152.0,182.0,62.18320610687023,51.0,81.0,131
Sailing Women's Three Person Keelboat,28.82170542635659,16.0,49.0,169.31782945736435,156.0,186.0,65.6046511627907,50.0,87.0,129
Swimming Women's 200 metres Butterfly,19.833333333333332,13.0,32.0,169.09016393442624,157.0,182.0,58.954918032786885,48.0,75.0,126
Cycling Men's Points Race,26.557377049180328,18.0,43.0,176.5897435897436,163.0,194.0,69.3076923076923,56.0,90.0,122
Cycling Women's Sprint,25.41025641025641,17.0,39.0,167.25438596491227,155.0,185.0,66.5701754385965,50.0,90.0,117
Swimming Women's 200 metres Backstroke,19.482758620689655,13.0,30.0,172.14285714285714,155.0,186.0,61.42857142857143,39.0,79.0,116
Rowing Women's Coxed Quadruple Sculls,23.791304347826088,14.0,34.0,171.5391304347826,147.0,188.0,65.05217391304348,41.0,86.0,115
"Art Competitions Mixed Architecture, Unknown Event",43.2375,24.0,75.0,183.5,179.0,188.0,80.5,77.0,84.0,114
"Wrestling Men's Light-Flyweight, Freestyle",23.53211009174312,15.0,35.0,156.33684210526314,140.0,170.0,49.857142857142854,48.0,57.0,113
Sailing Mixed Skiff,28.754545454545454,19.0,43.0,180.35454545454544,167.0,193.0,75.33636363636364,62.0,92.0,110
"Wrestling Men's Light-Flyweight, Greco-Roman",23.863636363636363,16.0,37.0,157.2621359223301,145.0,175.0,49.96116504854369,47.0,59.0,110
Weightlifting Men's Heavyweight I,25.556603773584907,19.0,37.0,176.7594936708861,165.0,186.0,99.35514018691589,90.0,125.0,107
Shooting Men's Double Trap,32.632075471698116,18.0,55.0,180.42307692307693,160.0,198.0,85.67619047619047,60.0,120.0,106
"Gymnastics Men's Team All-Around, Free System",24.514285714285716,17.0,38.0,,,,,,,105
Swimming Men's 400 metres Individual Medley,21.155339805825243,15.0,31.0,182.7319587628866,165.0,197.0,75.82474226804123,50.0,95.0,103
Swimming Women's 800 metres Freestyle,19.07,13.0,30.0,170.96907216494844,153.0,188.0,60.649484536082475,45.0,82.0,100
Sailing Men's Two Person Keelboat,34.96938775510204,19.0,58.0,186.74489795918367,165.0,200.0,96.53125,70.0,114.0,98
Table Tennis Men's Doubles,25.989583333333332,17.0,45.0,176.49411764705883,163.0,193.0,71.03529411764706,58.0,98.0,98
Shooting Women's Trap,33.31958762886598,17.0,57.0,168.3125,155.0,190.0,67.53645833333333,51.0,95.0,97
Cycling Men's BMX,23.875,19.0,33.0,180.54166666666666,164.0,192.0,82.92631578947369,60.0,97.0,96
Weightlifting Men's Heavyweight II,26.0,18.0,43.0,180.66666666666666,160.0,194.0,108.51052631578948,83.0,145.0,95
"Art Competitions Mixed Architecture, Designs For Town Planning",42.84,22.0,71.0,164.0,164.0,164.0,93.0,93.0,93.0,94
Polo Men's Polo,35.348314606741575,21.0,53.0,175.5,169.0,178.0,,,,94
Athletics Men's 10 kilometres Walk,28.825581395348838,18.0,44.0,175.75,165.0,185.0,68.0,55.0,76.0,90
"Equestrianism Mixed Three-Day Event, Team",33.561797752808985,21.0,48.0,175.04705882352943,158.0,196.0,66.50588235294117,45.0,87.0,89
"Shooting Women's Sporting Pistol, 25 metres",30.15730337078652,17.0,56.0,164.38636363636363,151.0,181.0,60.625,46.0,89.0,89
Athletics Women's 10 kilometres Walk,25.681818181818183,16.0,37.0,164.125,150.0,186.0,52.07954545454545,41.0,64.0,88
Rowing Men's 17-Man Naval Rowing Boats,,,,,,,,,,85
"Equestrianism Mixed Jumping, Team",30.45679012345679,19.0,51.0,174.71428571428572,162.0,191.0,68.79220779220779,55.0,85.0,81
"Shooting Men's Running Target, 10 metres",27.641975308641975,17.0,41.0,178.8732394366197,167.0,193.0,78.85915492957747,51.0,100.0,81
Sailing Men's Skiff,28.1375,20.0,37.0,181.7948717948718,172.0,192.0,78.24358974358974,67.0,85.0,80
Sailing Mixed Open,36.18421052631579,16.0,71.0,,,,,,,80
"Shooting Women's Small-Bore Rifle, Three Positions, 50 metres",25.810126582278482,16.0,45.0,164.34666666666666,153.0,180.0,59.346666666666664,43.0,105.0,79
Shooting Women's Skeet,31.949367088607595,16.0,49.0,166.40506329113924,155.0,186.0,64.45569620253164,48.0,97.0,79
Table Tennis Women's Doubles,24.294871794871796,16.0,35.0,165.43283582089552,145.0,180.0,58.17910447761194,42.0,73.0,78
Weightlifting Women's Lightweight,24.025641025641026,17.0,36.0,157.48717948717947,149.0,170.0,58.02564102564103,53.0,69.0,78
Taekwondo Men's Welterweight,25.641025641025642,17.0,37.0,185.60256410256412,170.0,199.0,79.73076923076923,68.0,87.0,78
Art Competitions Mixed Sculpturing,45.19047619047619,18.0,81.0,170.0,170.0,170.0,81.0,81.0,81.0,78
Taekwondo Men's Featherweight,23.77922077922078,18.0,35.0,179.0921052631579,169.0,192.0,68.10526315789474,62.0,83.0,77
Taekwondo Men's Flyweight,23.051948051948052,16.0,33.0,173.75324675324674,160.0,188.0,58.84415584415584,54.0,70.0,77
Swimming Women's 400 metres Individual Medley,18.94736842105263,14.0,33.0,169.04109589041096,152.0,185.0,59.986111111111114,48.0,79.0,76
Trampolining Women's Individual,25.539473684210527,18.0,39.0,161.73333333333332,154.0,172.0,52.89333333333333,43.0,60.0,76
Trampolining Men's Individual,24.736842105263158,18.0,34.0,171.3684210526316,162.0,185.0,65.83783783783784,57.0,84.0,76
Taekwondo Men's Heavyweight,26.30666666666667,17.0,34.0,191.37333333333333,177.0,207.0,92.24,63.0,110.0,75
Taekwondo Women's Welterweight,24.026666666666667,16.0,36.0,173.65753424657535,165.0,182.0,66.20666666666666,59.0,88.0,75
Taekwondo Women's Heavyweight,23.973333333333333,16.0,34.0,176.82191780821918,152.0,188.0,72.15972222222223,48.0,88.0,75
Taekwondo Women's Flyweight,22.36,16.0,33.0,164.06849315068493,150.0,173.0,49.53333333333333,46.0,57.0,75
Taekwondo Women's Featherweight,23.27027027027027,17.0,36.0,168.6986301369863,154.0,186.0,57.03378378378378,47.0,88.0,74
"Shooting Mixed Running Target, 50 metres",29.54054054054054,18.0,47.0,178.20833333333334,165.0,195.0,78.13194444444444,57.0,120.0,74
Athletics Women's Pentathlon,24.068493150684933,15.0,33.0,174.79166666666666,162.0,190.0,66.125,43.0,78.0,73
"Canoeing Men's Kayak Doubles, 10,000 metres",26.308823529411764,17.0,40.0,177.22222222222223,172.0,183.0,73.66666666666667,68.0,89.0,73
"Athletics Women's 3,000 metres",24.535211267605632,15.0,38.0,165.0857142857143,152.0,182.0,50.67142857142857,43.0,62.0,71
Golf Women's Individual,27.33823529411765,18.0,46.0,168.73333333333332,157.0,183.0,63.43636363636364,48.0,85.0,70
Art Competitions Mixed Painting,40.35849056603774,20.0,68.0,175.0,175.0,175.0,,,,69
Weightlifting Women's Light-Heavyweight,23.647058823529413,16.0,36.0,162.55882352941177,153.0,170.0,68.91911764705883,58.0,87.0,68
"Wrestling Women's Flyweight, Freestyle",24.897058823529413,18.0,36.0,156.01470588235293,147.0,166.0,48.661764705882355,42.0,56.0,68
"Wrestling Women's Middleweight, Freestyle",25.352941176470587,18.0,36.0,165.36764705882354,153.0,175.0,63.47761194029851,58.0,72.0,68
Cycling Women's Team Pursuit,24.955223880597014,18.0,39.0,171.3134328358209,160.0,183.0,63.73134328358209,50.0,78.0,67
Weightlifting Women's Flyweight,24.029850746268657,16.0,43.0,150.53030303030303,141.0,165.0,48.19402985074627,47.0,53.0,67
"Wrestling Women's Lightweight, Freestyle",25.104477611940297,18.0,34.0,162.53731343283582,153.0,177.0,56.88059701492537,55.0,64.0,67
Weightlifting Women's Heavyweight,24.238805970149254,17.0,35.0,165.97014925373134,152.0,177.0,75.3955223880597,67.5,106.0,67
Swimming Men's 10 kilometres Open Water,25.803030303030305,16.0,36.0,182.03076923076924,167.0,205.0,76.75384615384615,55.0,94.0,66
Sailing Mixed 12 metres,34.885245901639344,17.0,58.0,177.0,163.0,185.0,,,,65
Swimming Women's 10 kilometres Open Water,23.96923076923077,16.0,36.0,169.56923076923076,157.0,183.0,60.353846153846156,50.0,75.0,65
Weightlifting Women's Super-Heavyweight,23.53125,15.0,35.0,170.28571428571428,160.0,181.0,108.484375,75.0,167.0,64
"Wrestling Women's Heavyweight, Freestyle",25.84375,18.0,38.0,170.890625,158.0,180.0,73.296875,69.0,80.0,64
"Art Competitions Mixed Painting, Drawings And Water Colors",43.77777777777778,20.0,66.0,,,,,,,63
"Fencing Men's Foil, Masters, Individual",31.79310344827586,18.0,46.0,169.0,168.0,170.0,,,,63
"Shooting Mixed Free Rifle, Three Positions, 300 metres",29.714285714285715,20.0,54.0,175.15873015873015,157.0,187.0,73.7936507936508,51.0,99.0,63
"Shooting Men's Free Rifle, Prone, 600 metres",37.355555555555554,25.0,56.0,173.57142857142858,168.0,185.0,,,,61
Weightlifting Women's Middleweight,24.508196721311474,17.0,38.0,161.15,150.0,175.0,63.057377049180324,58.0,71.0,61
Lacrosse Men's Lacrosse,26.86111111111111,14.0,37.0,174.0,168.0,180.0,76.71428571428571,60.0,98.0,60
Ice Hockey Men's Ice Hockey,26.61111111111111,18.0,46.0,175.15,165.0,190.0,74.0,58.0,99.0,60
Art Competitions Mixed Literature,42.146341463414636,26.0,59.0,177.5,172.0,183.0,83.5,76.0,91.0,59
Weightlifting Women's Featherweight,24.275862068965516,17.0,35.0,155.60344827586206,147.0,190.0,53.0,48.0,58.0,58
"Canoeing Women's Kayak Singles, 200 metres",27.614035087719298,17.0,37.0,169.05454545454546,153.0,181.0,65.41818181818182,56.0,78.0,57
"Art Competitions Mixed Painting, Graphic Arts",46.04081632653061,24.0,80.0,,,,,,,57
Cycling Men's Keirin,27.157894736842106,19.0,36.0,179.23214285714286,162.0,196.0,85.35714285714286,66.0,102.0,57
"Shooting Men's Trap, Team",42.794871794871796,20.0,65.0,174.66666666666666,167.0,180.0,,,,55
"Shooting Men's Running Target, Single Shot",39.98076923076923,23.0,72.0,169.0,169.0,169.0,,,,55
Cycling Men's Team Sprint,24.574074074074073,19.0,35.0,177.72222222222223,163.0,190.0,82.41509433962264,50.0,96.0,54
"Rowing Men's Coxed Fours, Outriggers",25.12962962962963,16.0,43.0,178.5,175.0,184.0,67.9090909090909,54.0,81.0,54
Art Competitions Mixed Music,43.241379310344826,17.0,68.0,169.5,166.0,173.0,66.0,66.0,66.0,52
"Athletics Men's Cross-Country, Individual",24.644444444444446,18.0,38.0,172.12,164.0,185.0,60.541666666666664,48.0,70.0,51
"Canoeing Men's Canadian Singles, 200 metres",25.34,18.0,36.0,182.68,168.0,196.0,85.02,66.0,109.0,50
"Art Competitions Mixed Architecture, Architectural Designs",43.81395348837209,25.0,64.0,176.0,176.0,176.0,75.0,75.0,75.0,49
Cycling Women's BMX,22.958333333333332,18.0,35.0,165.89583333333334,156.0,176.0,64.375,50.0,79.0,48
Sailing Men's One Person Heavyweight Dinghy,29.72340425531915,19.0,48.0,189.63829787234042,181.0,204.0,96.08510638297872,77.0,104.0,47
"Shooting Men's Running Target, 50 metres",27.41304347826087,19.0,47.0,177.7608695652174,166.0,191.0,77.8913043478261,57.0,116.0,46
"Shooting Men's Military Pistol, Team",37.0,24.0,59.0,174.0,168.0,183.0,,,,46
Canoeing Men's Kayak Relay 4 x 500 metres,24.82608695652174,19.0,34.0,177.65217391304347,165.0,192.0,74.78260869565217,58.0,98.0,46
Sailing Mixed Windsurfer,23.2,16.0,34.0,174.69230769230768,156.0,190.0,65.74358974358974,50.0,78.0,45
"Cycling Women's Individual Pursuit, 3,000 metres",26.34090909090909,19.0,39.0,169.65853658536585,156.0,182.0,61.80487804878049,51.0,73.0,44
"Art Competitions Mixed Painting, Applied Arts",40.34375,26.0,62.0,,,,,,,44
Judo Men's Open Class,26.15909090909091,19.0,37.0,185.95238095238096,173.0,204.0,107.1829268292683,72.0,140.0,44
"Shooting Men's Free Pistol, 50 yards",37.60606060606061,23.0,60.0,172.5,170.0,175.0,,,,43
Athletics Men's Pentathlon,24.0,18.0,32.0,182.75,172.0,190.0,79.84210526315789,61.0,100.0,43
"Canoeing Men's Kayak Singles, 200 metres",27.61904761904762,20.0,37.0,183.52380952380952,165.0,202.0,87.26190476190476,67.0,98.0,42
Table Tennis Women's Team,25.357142857142858,15.0,43.0,166.23809523809524,150.0,181.0,57.666666666666664,43.0,78.0,42
Table Tennis Men's Team,27.833333333333332,17.0,39.0,177.85714285714286,162.0,195.0,72.28571428571429,51.0,88.0,42
Athletics Men's 5 mile,24.147058823529413,19.0,30.0,171.06666666666666,165.0,187.0,62.733333333333334,52.0,83.0,42
Swimming Men's 4 x 100 metres Medley Relay,21.476190476190474,15.0,28.0,184.07692307692307,171.0,199.0,78.87179487179488,64.0,95.0,42
Sailing Mixed 10 metres,33.85,16.0,56.0,180.0,180.0,180.0,,,,42
Tennis Mixed Doubles,30.842105263157894,13.0,39.0,184.67857142857142,165.0,203.0,78.39285714285714,55.0,92.0,41
"Canoeing Men's Kayak Doubles, 200 metres",26.170731707317074,21.0,34.0,183.3658536585366,170.0,196.0,84.85365853658537,70.0,102.0,41
Cycling Men's Madison,28.0,19.0,42.0,179.5897435897436,170.0,193.0,73.41025641025641,62.0,85.0,40
Sailing Women's Skiff,25.075,18.0,33.0,168.875,152.0,183.0,64.07894736842105,53.0,74.0,40
"Canoeing Men's Kayak Singles, 10,000 metres",27.17948717948718,18.0,47.0,175.6,165.0,186.0,72.6,58.0,84.0,40
Swimming Women's 4 x 100 metres Medley Relay,20.487179487179485,15.0,31.0,171.02777777777777,160.0,189.0,59.885714285714286,49.0,75.0,39
"Shooting Men's Free Rifle, Three Positions, 300 metres, Team",35.45161290322581,21.0,45.0,169.0,168.0,170.0,,,,39
"Art Competitions Mixed Literature, Unknown Event",39.13333333333333,20.0,64.0,179.0,175.0,183.0,77.0,63.0,91.0,39
"Wrestling Men's Middleweight A, Greco-Roman",24.63888888888889,18.0,36.0,167.5,161.0,174.0,72.375,69.0,77.5,38
Diving Men's Plain High,24.071428571428573,13.0,39.0,175.0,175.0,175.0,,,,37
Diving Women's Plain High,21.02777777777778,15.0,30.0,161.0,152.0,175.0,,,,37
Athletics Men's Standing High Jump,23.88888888888889,17.0,34.0,183.88888888888889,167.0,190.0,77.83333333333333,59.0,88.0,36
Shooting Women's Double Trap,27.314285714285713,17.0,36.0,166.57575757575756,155.0,183.0,65.28787878787878,44.0,83.0,35
"Shooting Men's Military Rifle, Three Positions, 300 metres",36.285714285714285,18.0,59.0,173.0,173.0,173.0,,,,35
Rowing Women's Coxless Fours,24.228571428571428,18.0,32.0,178.93333333333334,170.0,188.0,73.6,65.0,85.0,35
"Shooting Men's Free Rifle, 1,000 Yards",37.64,24.0,60.0,171.0,171.0,171.0,,,,34
"Art Competitions Mixed Music, Compositions For Orchestra",38.51851851851852,22.0,54.0,,,,,,,34
"Fencing Men's epee, Masters, Individual",28.46153846153846,17.0,44.0,175.0,175.0,175.0,,,,33
Art Competitions Mixed Architecture,41.76923076923077,25.0,67.0,,,,,,,32
Cycling Women's Points Race,26.161290322580644,19.0,39.0,166.53333333333333,154.0,180.0,59.06666666666667,47.0,72.0,31
"Canoeing Men's Canadian Doubles, 10,000 metres",29.142857142857142,20.0,47.0,173.66666666666666,165.0,180.0,69.33333333333333,59.0,83.0,30
"Art Competitions Mixed Literature, Lyric Works",41.73684210526316,17.0,66.0,,,,,,,29
"Wrestling Men's Middleweight B, Greco-Roman",24.0,18.0,32.0,176.0,176.0,176.0,92.0,92.0,92.0,29
"Rowing Men's Coxed Fours, Inriggers",25.93103448275862,18.0,34.0,180.33333333333334,175.0,188.0,82.0,77.0,87.0,29
Rowing Men's 6-Man Naval Rowing Boats,,,,,,,,,,28
"Shooting Men's Free Pistol, 25 metres",36.0,21.0,54.0,172.66666666666666,168.0,175.0,,,,28
"Athletics Men's 3,000 metres, Team",22.925925925925927,17.0,30.0,173.46153846153845,165.0,182.0,62.166666666666664,54.0,73.0,28
Archery Men's Double York Round,44.94444444444444,18.0,66.0,,,,,,,28
Cycling Men's Omnium,25.923076923076923,20.0,38.0,178.8846153846154,169.0,191.0,72.96153846153847,58.0,85.0,26
Equestrianism Mixed Four-In-Hand Competition,40.27777777777778,20.0,69.0,,,,,,,26
"Shooting Men's Free Rifle, 400, 600 and 800 metres, Team",32.470588235294116,16.0,49.0,177.33333333333334,170.0,185.0,,,,26
Archery Women's Double National Round,39.89473684210526,22.0,54.0,,,,,,,25
"Shooting Men's Running Target, Single And Double Shot",39.78260869565217,22.0,60.0,,,,,,,25
Boxing Women's Lightweight,27.083333333333332,18.0,35.0,168.34782608695653,160.0,178.0,60.0,60.0,60.0,24
Cricket Men's Cricket,29.333333333333332,21.0,44.0,,,,,,,24
"Art Competitions Mixed Literature, Epic Works",40.78260869565217,26.0,66.0,,,,,,,24
Boxing Women's Middleweight,25.458333333333332,17.0,36.0,176.2608695652174,169.0,184.0,75.1,73.0,79.0,24
"Fencing Women's epee, Team",27.166666666666668,20.0,38.0,173.25,164.0,182.0,64.54166666666667,51.0,76.0,24
Boxing Women's Flyweight,27.375,18.0,34.0,162.08333333333334,150.0,170.0,50.95238095238095,50.0,51.0,24
Diving Women's Synchronized Platform,20.25,15.0,33.0,159.08333333333334,147.0,171.0,51.25,40.0,60.0,24
"Art Competitions Mixed Sculpturing, Medals And Reliefs",44.73913043478261,22.0,68.0,,,,,,,24
"Athletics Men's 3,500 metres Walk",25.736842105263158,19.0,35.0,176.4,173.0,184.0,68.2,58.0,76.0,24
Diving Women's Synchronized Springboard,22.91304347826087,15.0,30.0,163.65217391304347,158.0,172.0,57.0,50.0,62.0,23
Rowing Men's Coxed Pairs (1 kilometres),25.266666666666666,14.0,40.0,,,,79.0,79.0,79.0,23
"Athletics Men's 3,000 metres Walk",28.058823529411764,18.0,36.0,178.125,171.0,188.0,69.33333333333333,55.0,81.0,23
"Canoeing Men's Folding Kayak Doubles, 10 kilometres",24.47826086956522,18.0,36.0,,,,,,,23
Archery Men's Double American Round,49.44444444444444,15.0,71.0,169.33333333333334,165.0,174.0,,,,22
Diving Men's Synchronized Springboard,24.681818181818183,18.0,37.0,172.27272727272728,160.0,183.0,70.4090909090909,59.0,82.0,22
Athletics Men's 60 metres,22.318181818181817,17.0,28.0,178.5,167.0,183.0,70.9,64.0,86.0,22
Athletics Men's Standing Long Jump,23.473684210526315,16.0,32.0,181.0,170.0,196.0,78.0,67.0,88.0,22
"Equestrianism Men's Jumping, Team",31.571428571428573,23.0,39.0,175.0,175.0,175.0,,,,22
Cycling Women's Omnium,27.5,19.0,43.0,169.1818181818182,160.0,178.0,61.36363636363637,51.0,78.0,22
"Archery Men's Target Archery, 28 metres, Team",41.23529411764706,25.0,61.0,,,,,,,21
"Swimming Men's 4,000 metres Freestyle",27.5,18.0,40.0,,,,,,,20
Gymnastics Men's Horse Vault,25.176470588235293,19.0,34.0,158.25,155.0,162.0,60.2,54.0,70.0,20
Cycling Men's 50 kilometres,24.11111111111111,19.0,32.0,,,,,,,19
"Wrestling Women's Featherweight, Freestyle",26.0,21.0,35.0,162.47368421052633,155.0,169.0,54.21052631578947,52.0,58.0,19
Figure Skating Men's Singles,32.666666666666664,23.0,44.0,,,,,,,18
"Wrestling Women's Light-Heavyweight, Freestyle",24.77777777777778,20.0,33.0,169.27777777777777,159.0,177.0,69.66666666666667,69.0,73.0,18
"Equestrianism Men's Vaulting, Individual",25.22222222222222,23.0,29.0,,,,,,,18
Gymnastics Men's Rope Climbing,22.285714285714285,21.0,25.0,174.0,167.0,188.0,72.33333333333333,56.0,102.0,18
"Art Competitions Mixed Sculpturing, Medals",47.1875,28.0,72.0,,,,,,,17
"Art Competitions Mixed Music, Unknown Event",35.38461538461539,23.0,53.0,,,,,,,17
"Weightlifting Men's Unlimited, One Hand",24.1,19.0,30.0,176.0,170.0,188.0,95.4,81.0,114.0,16
Figure Skating Mixed Pairs,32.333333333333336,21.0,45.0,169.5,165.0,174.0,65.5,58.0,73.0,16
"Canoeing Men's Canadian Singles, 10,000 metres",26.5,17.0,38.0,184.14285714285714,177.0,188.0,82.42857142857143,77.0,89.0,16
"Shooting Men's Small-Bore Rifle, Any Position, 50 metres",36.4375,20.0,60.0,170.5,168.0,173.0,,,,16
"Fencing Men's Sabre, Masters, Individual",33.285714285714285,23.0,57.0,178.0,178.0,178.0,83.0,83.0,83.0,16
Swimming Men's One Mile Freestyle,21.90909090909091,17.0,30.0,172.0,170.0,174.0,80.0,80.0,80.0,16
"Shooting Men's Small-Bore Rifle, Prone, 50 and 100 yards",36.625,20.0,56.0,168.0,168.0,168.0,,,,15
Art Competitions Mixed Unknown Event,41.785714285714285,30.0,71.0,175.0,160.0,190.0,,,,15
Gymnastics Men's Parallel Bars,26.333333333333332,22.0,32.0,169.88888888888889,160.0,176.0,62.75,52.0,73.0,15
Diving Men's Synchronized Platform,21.933333333333334,17.0,29.0,166.86666666666667,158.0,176.0,59.86666666666667,42.0,71.0,15
"Shooting Men's Free Pistol, 50 metres, Team",42.0,32.0,55.0,,,,,,,15
"Shooting Men's Military Rifle, Any Position, 600 metres",35.857142857142854,20.0,48.0,179.0,179.0,179.0,109.0,109.0,109.0,14
"Athletics Men's 3,200 metres Steeplechase",23.818181818181817,22.0,27.0,174.2,170.0,180.0,63.4,59.0,69.0,14
"Shooting Men's Military Rifle, Prone, 300 metres, Team",37.833333333333336,29.0,45.0,175.0,175.0,175.0,,,,14
"Tennis Men's Singles, Covered Courts",30.46153846153846,21.0,44.0,188.0,188.0,188.0,84.0,84.0,84.0,14
Athletics Men's 56-pound Weight Throw,35.23076923076923,27.0,40.0,181.0,173.0,188.0,98.75,80.0,113.0,13
Cycling Men's Individual Time Trial,26.53846153846154,19.0,35.0,181.3846153846154,174.0,191.0,72.6923076923077,65.0,83.0,13
Gymnastics Men's Floor Exercise,26.53846153846154,20.0,35.0,167.41666666666666,158.0,182.0,64.0,55.0,77.0,13
"Fencing Women's Sabre, Team",26.076923076923077,19.0,36.0,170.92307692307693,165.0,183.0,61.61538461538461,55.0,74.0,13
Sailing Mixed 7 metres,36.3,20.0,55.0,,,,,,,12
Cycling Men's 100 kilometres,28.6,23.0,34.0,,,,,,,12
"Gymnastics Men's Individual All-Around, 5 Events",29.0,29.0,29.0,,,,,,,12
"Shooting Men's Dueling Pistol, 30 metres",39.833333333333336,23.0,57.0,168.0,168.0,168.0,,,,12
Jeu De Paume Men's Singles,32.45454545454545,19.0,43.0,178.5,176.0,181.0,,,,11
"Shooting Men's Military Pistol, 25 metres",32.0,25.0,39.0,,,,,,,11
Cycling Men's 1/4 mile,22.3,18.0,29.0,177.75,172.0,185.0,,,,11
Cycling Men's 20 kilometres,22.0,19.0,27.0,183.0,183.0,183.0,71.0,71.0,71.0,11
Equestrianism Mixed Hacks And Hunter Combined,42.8,29.0,56.0,,,,,,,11
Figure Skating Women's Singles,24.4,20.0,33.0,,,,,,,11
"Shooting Men's Military Rifle, Kneeling Or Standing, 300 metres",,,,,,,,,,11
"Shooting Men's Military Rifle, 200/500/600/800/900/1,000 Yards, Team",35.333333333333336,20.0,47.0,,,,,,,11
Swimming Men's Underwater Swimming,20.0,18.0,22.0,,,,,,,10
"Swimming Men's 1,000 metres Freestyle",21.666666666666668,17.0,28.0,185.0,185.0,185.0,95.0,95.0,95.0,10
Gymnastics Men's Rings,25.11111111111111,21.0,39.0,160.75,156.0,164.0,64.6,61.0,73.0,10
Cycling Women's Team Sprint,24.8,21.0,32.0,165.9,160.0,171.0,65.0,60.0,70.0,10
"Shooting Men's Running Target, Single Shot, Team",38.3,19.0,57.0,,,,,,,10
Swimming Men's 4 x 50 Yard Freestyle Relay,22.0,16.0,25.0,173.0,173.0,173.0,66.0,66.0,66.0,10
"Tennis Mixed Doubles, Covered Courts",33.1,27.0,45.0,,,,,,,10
Gymnastics Men's Pommelled Horse,25.666666666666668,20.0,31.0,170.77777777777777,167.0,178.0,65.14285714285714,60.0,70.0,10
Cycling Women's 500 metres Time Trial,26.11111111111111,21.0,34.0,169.77777777777777,163.0,178.0,67.0,58.0,80.0,9
"Croquet Mixed Singles, One Ball",34.714285714285715,15.0,58.0,,,,,,,9
"Canoeing Men's Folding Kayak Singles, 10 kilometres",25.88888888888889,19.0,36.0,,,,,,,9
"Art Competitions Mixed Music, Compositions For Solo Or Chorus",34.0,27.0,40.0,,,,,,,8
"Weightlifting Men's Unlimited, Two Hands",23.75,21.0,26.0,164.5,159.0,170.0,72.5,70.0,75.0,8
Rowing Men's Coxed Pairs (1 mile),29.666666666666668,23.0,36.0,,,,,,,8
"Shooting Men's Military Rifle, 200 metres",31.666666666666668,21.0,40.0,,,,,,,8
"Art Competitions Mixed Music, Instrumental And Chamber",31.8,22.0,40.0,,,,,,,8
Sailing Mixed 40 metres,28.5,18.0,38.0,,,,,,,8
"Art Competitions Mixed Literature, Dramatic Works",42.2,26.0,66.0,,,,,,,8
"Athletics Men's 1,500 metres Walk",27.5,27.0,28.0,,,,,,,8
"Athletics Men's Javelin Throw, Freestyle",22.5,18.0,26.0,172.0,172.0,172.0,80.0,80.0,80.0,7
"Shooting Men's Military Rifle, Prone, 300 metres",35.857142857142854,27.0,40.0,182.5,182.0,183.0,,,,7
Motorboating Mixed A-Class (Open),35.5,27.0,46.0,181.0,181.0,181.0,77.0,77.0,77.0,7
Gymnastics Men's Horizontal Bar,27.0,22.0,33.0,163.25,160.0,167.0,59.333333333333336,52.0,71.0,7
Gymnastics Women's Floor Exercise,23.0,19.0,28.0,157.85714285714286,142.0,166.0,48.333333333333336,47.0,50.0,7
Athletics Men's All-Around Championship,27.714285714285715,24.0,34.0,180.0,175.0,185.0,84.0,78.0,90.0,7
Equestrianism Mixed Long Jump,27.0,22.0,30.0,,,,,,,6
"Shooting Men's Running Target, Double Shot",40.666666666666664,30.0,56.0,,,,,,,6
Archery Women's Double Columbia Round,48.8,24.0,63.0,,,,,,,6
Cycling Women's Keirin,24.5,20.0,28.0,162.16666666666666,155.0,165.0,62.5,60.0,65.0,6
Racquets Men's Singles,28.333333333333332,19.0,45.0,176.0,176.0,176.0,,,,6
"Art Competitions Mixed Sculpturing, Medals And Plaques",52.0,34.0,72.0,,,,,,,6
"Archery Men's Pole Archery, Small Birds, Individual",,,,,,,,,,6
"Shooting Men's Military Rifle, Prone, 600 metres",35.666666666666664,30.0,40.0,175.0,173.0,179.0,,,,6
"Archery Men's Au Cordon Dore, 50 metres",28.0,24.0,32.0,,,,,,,6
Archery Men's Unknown Event,39.0,33.0,48.0,,,,,,,6
"Shooting Men's Military Rifle, Standing, 300 metres, Team",33.333333333333336,29.0,36.0,,,,,,,6
Sailing Mixed 6.5 metres,31.0,19.0,45.0,185.0,184.0,186.0,81.0,81.0,81.0,6
Swimming Men's 50 yard Freestyle,19.666666666666668,17.0,23.0,185.0,183.0,187.0,76.5,70.0,83.0,6
"Shooting Men's Free Pistol, 30 metres",28.0,27.0,29.0,,,,,,,5
"Art Competitions Mixed Sculpturing, Reliefs",41.2,34.0,49.0,,,,,,,5
Archery Men's Continental Style,43.0,40.0,46.0,,,,,,,5
"Wrestling Men's Unlimited Class, Greco-Roman",23.333333333333332,21.0,26.0,173.5,159.0,188.0,86.0,70.0,102.0,5
"Tennis Women's Singles, Covered Courts",32.6,24.0,39.0,,,,,,,5
Athletics Men's 10 mile Walk,26.0,23.0,29.0,165.0,165.0,165.0,53.0,53.0,53.0,5
"Athletics Men's Discus Throw, Greek Style",29.0,25.0,33.0,,,,,,,5
Cycling Women's Individual Time Trial,31.6,24.0,36.0,174.0,165.0,182.0,60.0,51.0,67.0,5
Sailing Mixed 12 foot,25.0,14.0,50.0,,,,,,,5
"Shooting Men's Military Rifle, 1873-1874 Gras Model, Kneeling Or Standing, 200 metres",24.0,24.0,24.0,,,,,,,5
"Shooting Men's Small-Bore Rifle, Standing, 50 metres",33.333333333333336,30.0,38.0,,,,,,,5
Swimming Men's 200 metres Team Swimming,,,,,,,,,,5
Motorboating Mixed B-Class (Under 60 Feet),33.6,26.0,54.0,,,,,,,5
Sailing Mixed 10-20 Ton,41.333333333333336,36.0,48.0,,,,,,,5
"Shooting Men's Military Rifle, Standing, 300 metres",38.0,24.0,52.0,,,,,,,5
Roque Men's Singles,53.333333333333336,37.0,64.0,,,,,,,4
Gymnastics Men's Club Swinging,23.0,21.0,24.0,,,,,,,4
Swimming Men's 100 Yard Backstroke,20.666666666666668,19.0,23.0,,,,,,,4
"Shooting Men's Trap, Single Shot, 16 metres",,,,,,,,,,4
"Cycling Men's 5,000 metres",21.0,21.0,21.0,,,,,,,4
"Shooting Men's Running Target, Double Shot, Team",34.75,31.0,41.0,,,,,,,4
Gymnastics Women's Horse Vault,27.0,21.0,41.0,158.5,153.0,164.0,46.5,43.0,48.0,4
Alpinism Mixed Alpinism,35.25,22.0,49.0,,,,,,,4
Sailing Mixed 20+ Ton,34.0,29.0,44.0,,,,,,,4
Athletics Men's Stone Throw,23.0,20.0,26.0,181.0,177.0,185.0,93.5,81.0,106.0,4
Swimming Women's 300 metres Freestyle,17.0,15.0,18.0,168.5,166.0,171.0,,,,4
Cycling Men's 333 metres Time Trial,25.5,23.0,28.0,,,,,,,4
Gymnastics Men's Tumbling,17.333333333333332,15.0,20.0,,,,,,,3
Sailing Mixed 30 metres,27.666666666666668,22.0,34.0,,,,,,,3
Sailing Mixed 3-10 Ton,50.5,50.0,51.0,,,,,,,3
Shooting Men's Unknown Event,45.0,45.0,45.0,,,,,,,3
"Athletics Men's 2,500 metres Steeplechase",22.0,19.0,24.0,168.0,168.0,168.0,87.0,87.0,87.0,3
"Art Competitions Mixed Music, Vocals",47.0,36.0,59.0,,,,,,,3
Athletics Men's 200 metres Hurdles,21.333333333333332,21.0,22.0,170.5,169.0,172.0,65.0,62.0,68.0,3
"Athletics Men's 3 mile, Team",20.5,18.0,23.0,172.0,172.0,172.0,61.0,61.0,61.0,3
"Archery Men's Au Chapelet, 50 metres",36.5,26.0,47.0,,,,,,,3
Swimming Men's 220 yard Freestyle,26.333333333333332,21.0,36.0,,,,,,,3
Swimming Men's 100 metres Freestyle For Sailors,,,,,,,,,,3
"Athletics Men's Discus Throw, Both Hands",26.5,21.0,32.0,181.5,173.0,190.0,84.0,80.0,88.0,3
"Shooting Men's Military Rifle, 300 metres and 600 metres, Prone, Team",33.0,33.0,33.0,,,,,,,3
"Shooting Men's Military Rifle, Prone, 600 metres, Team",36.0,32.0,40.0,,,,,,,3
"Shooting Men's Free Rifle, Any Position, 300 metres",44.0,44.0,44.0,,,,,,,3
Archery Men's Sur La Perche a La Herse,35.5,28.0,43.0,,,,,,,3
Swimming Men's Plunge For Distance,28.666666666666668,23.0,34.0,,,,,,,3
"Shooting Men's Dueling Pistol Au Commandement, 25 metres",33.0,33.0,33.0,,,,,,,3
Swimming Men's 400 metres Breaststroke,28.0,20.0,36.0,,,,,,,3
"Archery Men's Au Chapelet, 33 metres",36.666666666666664,33.0,43.0,,,,,,,3
Swimming Men's 4 x 250 metres Freestyle Relay,29.333333333333332,19.0,46.0,,,,,,,3
Sailing Mixed 0.5-1 Ton,,,,,,,,,,3
"Athletics Men's 5,000 metres, Team",19.0,18.0,20.0,166.0,166.0,166.0,66.0,66.0,66.0,3
Cycling Men's 1/2 mile,21.5,20.0,23.0,163.0,163.0,163.0,,,,3
"Shooting Men's Small-Bore Rifle, Disappearing Target, 25 yards",33.666666666666664,26.0,42.0,,,,,,,3
Archery Men's Sur La Perche a La Pyramide,44.0,38.0,50.0,,,,,,,2
"Archery Men's Target Archery, 28 metres, Individual",47.0,40.0,54.0,,,,,,,2
"Swimming Men's 1,200 metres Freestyle",,,,,,,,,,2
"Shooting Men's Military Revolver, 20 metres",28.0,27.0,29.0,,,,,,,2
"Athletics Men's 2,590 metres Steeplechase",25.0,24.0,26.0,187.0,187.0,187.0,83.0,83.0,83.0,2
Figure Skating Men's Special Figures,31.0,18.0,44.0,,,,,,,2
Cycling Men's 12-Hours Race,,,,,,,,,,2
Golf Men's Team,25.0,18.0,32.0,,,,,,,2
Sailing Mixed 18 foot,,,,,,,,,,2
Shooting Men's Dueling Pistol Au Vise 20 metres,,,,,,,,,,2
"Gymnastics Men's Individual All-Around, Field Sports",29.0,29.0,29.0,165.0,165.0,165.0,,,,2
Gymnastics Women's Balance Beam,26.5,21.0,32.0,157.0,155.0,159.0,46.5,45.0,48.0,2
Swimming Men's 500 metres Freestyle,20.0,20.0,20.0,,,,,,,2
Swimming Men's 880 yard Freestyle,19.5,18.0,21.0,,,,,,,2
Basque Pelota Men's Two-Man Teams With Cesta,26.0,26.0,26.0,,,,,,,2
"Shooting Men's Dueling Pistol, 30 metres, Team",43.5,39.0,48.0,,,,,,,2
Motorboating Mixed C-Class,31.0,31.0,31.0,,,,,,,2
"Shooting Men's Free Pistol, 50 yards, Team",,,,,,,,,,2
"Tennis Men's Doubles, Covered Courts",37.5,34.0,41.0,,,,,,,2
Cycling Men's 25 kilometres,21.0,18.0,24.0,,,,,,,2
"Fencing Men's Sabre, Individual, Three Hits",29.0,29.0,29.0,,,,,,,1
Weightlifting Men's All-Around Dumbbell Contest,,,,176.0,176.0,176.0,105.0,105.0,105.0,1
"Fencing Men's Single Sticks, Individual",40.0,40.0,40.0,,,,,,,1
"Shooting Men's Military Revolver, 1873-1874 Gras Model, 20 metres",21.0,21.0,21.0,,,,,,,1
"Gymnastics Men's Parallel Bars, Teams",10.0,10.0,10.0,,,,,,,1
Gymnastics Women's Uneven Bars,23.0,23.0,23.0,147.0,147.0,147.0,47.0,47.0,47.0,1
Racquets Men's Doubles,23.0,23.0,23.0,,,,,,,1
Sailing Mixed 0-0.5 Ton,34.0,34.0,34.0,,,,,,,1
"Shooting Men's Small-Bore Rifle, Moving Target, 25 yards",,,,,,,,,,1
"Shooting Men's Small Bore-Rifle, Standing, 50 metres, Team",35.0,35.0,35.0,,,,,,,1
"Archery Men's Target Archery, 33 metres, Individual",44.0,44.0,44.0,,,,,,,1
"Cycling Men's Team Pursuit, 1,980 yards",,,,,,,,,,1
Cycling Men's 5 mile,,,,,,,,,,1
Cycling Men's 25 mile,,,,,,,,,,1
Swimming Men's 100 yard Freestyle,23.0,23.0,23.0,,,,,,,1
"Cycling Men's 10,000 metres",,,,,,,,,,1
Swimming Men's 200 metres Obstacle Course,,,,,,,,,,1
Cycling Men's 1/3 mile,30.0,30.0,30.0,,,,,,,1
Cycling Men's 1 mile,17.0,17.0,17.0,,,,,,,1
"Croquet Mixed Singles, Two Balls",20.0,20.0,20.0,,,,,,,1
Swimming Men's 440 yard Freestyle,24.0,24.0,24.0,171.0,171.0,171.0,,,,1
Athletics Men's Standing Triple Jump,24.0,24.0,24.0,188.0,188.0,188.0,81.0,81.0,81.0,1
Athletics Men's Pentathlon (Ancient),24.0,24.0,24.0,178.0,178.0,178.0,70.0,70.0,70.0,1
"Athletics Men's Javelin Throw, Both Hands",20.0,20.0,20.0,,,,,,,1
Aeronautics Mixed Aeronautics,26.0,26.0,26.0,,,,,,,1
